position_final,players_model,players_baseline,hit_rate_model,hit_rate_baseline,hit_rate_lift,appearance_rate_lift,next_surplus_gap_lift
QB,29,40,0.6206896551724138,0.5,0.1206896551724138,0.1810344827586206,6.985185185185185
RB,64,60,0.5,0.4666666666666667,0.0333333333333333,0.1947916666666667,8.88927507447865
TE,33,31,0.5757575757575758,0.5483870967741935,0.0273704789833822,0.2336265884652981,1.525862068965517
WR,126,77,0.6111111111111112,0.4415584415584415,0.1695526695526696,0.2308802308802309,14.971698113207546
