position_final,players_evaluated,avg_surplus_gap,median_surplus_gap,avg_cap_number,avg_production_score,major_bargains,strong_bargains,major_overpays
QB,196,0.0,1.0,13.100959897959184,85.22013630174084,9,32,39
RB,309,0.0,1.0,2.929870595469256,67.8697697444122,48,48,90
TE,185,0.0,0.0,4.877895059459459,68.81340130498361,13,36,40
WR,493,0.0,2.0,5.02372569979716,84.82652845855857,135,54,171
